College,Email,Domain
Abilene Christian University,info@admissions.acu.edu,acu
Academy Of Art University,admissions@academyart.edu,academyart
Acadia University,admissions@acadiau.ca,acadiau
Adams State University,admissions@adams.edu,adams
Adelphi University,admissions@adelphi.edu,adelphi
Adrian College,admissions@adrian.edu,adrian
Agnes Scott College,admission@agnesscott.edu,agnesscott
Alabama Agricultural And Mechanical University,admissions@aamu.edu,aamu
Alabama State University,admissions@alasu.edu,alasu
Alaska Bible College,info@akbible.edu,akbible
Alaska Pacific University,admissions@alaskapacific.edu,alaskapacific
Albany College Pharmacy And Health Sciences,admissions@acphs.edu,acphs
Albany State University,admissions@asurams.edu,asurams
Albertus Magnus College,admissions@albertus.edu,albertus
Albion College,admission@albion.edu,albion
Albright College,admission@alb.edu,alb
Alcorn State University,ksampson@alcorn.edu,alcorn
Alderson Broaddus University,admissions@ab.edu,ab
Alfred University,admissions@alfred.edu,alfred
Alice Lloyd College,admissions@alc.edu,alc
Allegheny College,admissions@allegheny.edu,allegheny
Allen College,admissions@allencollege.edu,allencollege
Allen University,admissions@allenuniversity.edu,allenuniversity
Alma College,admissions@alma.edu,alma
Alvernia University,admissions@alvernia.edu,alvernia
Alverno College,admissions@alverno.edu,alverno
American Baptist College,atrice@abcnash.edu,abcnash
American International College,admissions@aic.edu,aic
American Jewish University,admissions@aju.edu,aju
American University,admissions@american.edu,american
American University Beirut Aub,admissions@aub.edu.lb,aub
American University Bulgaria,admissions@aubg.edu,aubg
American University Paris,admissions@aup.edu,aup
American University Rome,admissions@aur.edu,aur
Amherst College,admission@amherst.edu,amherst
Anderson University,info@anderson.edu,anderson
Andrews University,enroll@andrews.edu,andrews
Angelo State University,admissions@angelo.edu,angelo
Anna Maria College,admission@annamaria.edu,annamaria
Antioch College,admission@antiochcollege.edu,antiochcollege
Appalachian Bible College,admissions@abc.edu,abc
Appalachian State University,admissions@appstate.edu,appstate
Aquinas College,admissions@aquinas.edu,aquinas
Aquinas College,admissions@aquinascollege.edu,aquinascollege
Arcadia University,admiss@arcadia.edu,arcadia
Arizona Christian University,admissions@arizonachristian.edu,arizonachristian
Arizona State University,admissions@asu.edu,asu
Arkansas Baptist College,admissions@arkansasbaptist.edu,arkansasbaptist
Arkansas State University,admissions@astate.edu,astate
Arkansas Tech University,tech.enroll@atu.edu,atu
Arlington Baptist University,kmarvin@arlingtonbaptistcollege.edu,arlingtonbaptistcollege
Art Academy Cincinnati,admissions@artacademy.edu,artacademy
Art Center College Of Design,admissions@artcenter.edu,artcenter
Asbury University,admissions@asbury.edu,asbury
Ashland University,enrollme@ashland.edu,ashland
Assumption College,admiss@assumption.edu,assumption
Athens State University,admissions@athens.edu,athens
Auburn University,admissions@auburn.edu,auburn
Auburn University At Montgomery,admissions@aum.edu,aum
Augsburg University,admissions@augsburg.edu,augsburg
Augusta University,admissions@augusta.edu,augusta
Augustana College Illinois,admissions@augustana.edu,augustana
Augustana University South Dakota,admission@augie.edu,augie
Aurora University,admission@aurora.edu,aurora
Austin College,admission@austincollege.edu,austincollege
Austin Graduate School Of Theology,admissions@austingrad.edu,austingrad
Austin Peay State University,admissions@apsu.edu,apsu
Ave Maria University,admissions@avemaria.edu,avemaria
Averett University,admit@averett.edu,averett
Avila University,admissions@avila.edu,avila
Azusa Pacific University,admissions@apu.edu,apu
Babson College,ugradadmission@babson.edu,babson
Baker University,admission@bakeru.edu,bakeru
Baldwin Wallace University,admission@bw.edu,bw
Ball State University,askus@bsu.edu,bsu
Baptist College Of Florida,admissions@baptistcollege.edu,baptistcollege
Baptist College Of Health Sciences,admissions@bchs.edu,bchs
Barclay College,admissions@barclaycollege.edu,barclaycollege
Bard College,admission@bard.edu,bard
Bard College Berlin,admissions@berlin.bard.edu,berlin.bard
Bard College Simons Rock Early College,admit@simons-rock.edu,simons-rock
Barnard College,admissions@barnard.edu,barnard
Barry University,admissions@barry.edu,barry
Barton College,enroll@barton.edu,barton
Bastyr University,admissions@bastyr.edu,bastyr
Bates College,admission@bates.edu,bates
Bay Path University,admiss@baypath.edu,baypath
Baylor University,admissions@baylor.edu,baylor
Beacon College,admissions@beaconcollege.edu,beaconcollege
Becker College,admissions@becker.edu,becker
Belhaven University,admission@belhaven.edu,belhaven
Bellarmine University,admission@bellarmine.edu,bellarmine
Bellarmine University,admissions@bellarmine.edu,bellarmine
Belmont Abbey College,admissions@bac.edu,bac
Belmont University,admissions@belmont.edu,belmont
Belmont University,buadmission@belmont.edu,belmont
Beloit College,admiss@beloit.edu,beloit
Bemidji State University,admissions@bemidjistate.edu,bemidjistate
Benedict College,admissions@benedict.edu,benedict
Benedictine College,bcaudle@benedictine.edu,benedictine
Benedictine College,bcadmiss@benedictine.edu,benedictine
Benedictine University Az,mesa@ben.edu,ben
Benedictine University Il,admissions@ben.edu,ben
Bennett College,admiss@bennett.edu,bennett
Bennington College,admissions@bennington.edu,bennington
Bentley University,ugadmission@bentley.edu,bentley
Berea College,admissions@berea.edu,berea
Berklee College Of Music,admissions@berklee.edu,berklee
Berry College,admissions@berry.edu,berry
Bethany College,enrollment@bethanywv.edu,bethanywv
Bethany College,admissions@bethanylb.edu,bethanylb
Bethany Lutheran College,admissions@blc.edu,blc
Bethel College,admissions@bethelcollege.edu,bethelcollege
Bethel College,admissions@bethelks.edu,bethelks
Bethel University,admissions@bethelu.edu,bethelu
Bethel University,buadmissions-cas@bethel.edu,bethel
Bethune Cookman University,admissions@cookman.edu,cookman
Beulah Heights University,admissions@beulah.edu,beulah
Biola University,admissions@biola.edu,biola
Birmingham Southern College,admiss@bsc.edu,bsc
Birmingham Southern College,admission@bsc.edu,bsc
Bishops University,admissions@ubishops.ca,ubishops
Black Hills State University,admissions@bhsu.edu,bhsu
Blackburn College,admit@blackburn.edu,blackburn
Blessing Rieman College Of Nursing,admissions@brcn.edu,brcn
Bloomfield College,admission@bloomfield.edu,bloomfield
Bloomsburg University Of Pennsylvania,buadmiss@bloomu.edu,bloomu
Blue Mountain College,admissions@bmc.edu,bmc
Bluefield College,admissions@bluefield.edu,bluefield
Bluefield State College,jschlimmer@bluefieldstate.edu,bluefieldstate
Bluffton University,admissions@bluffton.edu,bluffton
Bob Jones University,admission@bju.edu,bju
Boise State University,admissions@boisestate.edu,boisestate
Boston College,bcapplicant@bc.edu,bc
Boston College,studentservices@bc.edu,bc
Boston University,admissions@bu.edu,bu
Bowdoin College,admissions@bowdoin.edu,bowdoin
Bowie State University,ugradadmissions@bowiestate.edu,bowiestate
Bowling Green State University,choosebgsu@bgsu.edu,bgsu
Bradley University,admissions@bradley.edu,bradley
Brandeis University,admissions@brandeis.edu,brandeis
Brenau University,admissions@brenau.edu,brenau
Brescia University,admissions@brescia.edu,brescia
Brevard College,admissions@brevard.edu,brevard
Brewton Parker College,admissions@bpc.edu,bpc
Briar Cliff University,admissions@briarcliff.edu,briarcliff
Bridgewater College,admissions@bridgewater.edu,bridgewater
Bridgewater State University,admission@bridgew.edu,bridgew
Brigham Young University Hawaii,admissions@byuh.edu,byuh
Brigham Young University Idaho,admissions@byui.edu,byui
Brigham Young University Provo,admissions@byu.edu,byu
Bryan College,admiss@bryan.edu,bryan
Bryant University,admission@bryant.edu,bryant
Bryn Athyn College,admissions@brynathyn.edu,brynathyn
Bryn Mawr College,admissions@brynmawr.edu,brynmawr
Bucknell University,admissions@bucknell.edu,bucknell
Buena Vista University,admissions@bvu.edu,bvu
Butler University,admission@butler.edu,butler
Cabarrus College Of Health Sciences,admissions@cabarruscollege.edu,cabarruscollege
Cabrini University,admit@cabrini.edu,cabrini
Cairn University,admissions@cairn.edu,cairn
Caldwell University,admissions@caldwell.edu,caldwell
California Baptist University,admissions@calbaptist.edu,calbaptist
California College Arts,admissions@cca.edu,cca
California College Of The Arts,enroll@cca.edu,cca
California Institute Of The Arts,admissions@calarts.edu,calarts
California Institute Technology Caltech,ugadmissions@caltech.edu,caltech
California Lutheran University,admissions@callutheran.edu,callutheran
California Maritime Academy,admissions@csum.edu,csum
California State Polytechnic University Pomona,admissions@cpp.edu,cpp
California State University Bakersfield,admissions@csub.edu,csub
California State University Chico,info@csuchico.edu,csuchico
California State University Dominguez Hills,info@csudh.edu,csudh
California State University East Bay,admissions@csueastbay.edu,csueastbay
California State University Fresno,admissions@csufresno.edu,csufresno
California State University Fullerton,admissions@fullerton.edu,fullerton
California State University Long Beach,eslb@csulb.edu,csulb
California State University Los Angeles,admission@calstatela.edu,calstatela
California State University Monterey Bay,admissions@csumb.edu,csumb
California State University Northridge,admissions.records@csun.edu,csun
California State University Sacramento,admissions@csus.edu,csus
California State University San Bernardino,moreinfo@csusb.edu,csusb
California State University San Marcos,apply@csusm.edu,csusm
California State University Stanislaus,outreach_help_desk@csustan.edu,csustan
California University Of Pennsylvania,inquiry@calu.edu,calu
California University Of Pennsylvania,admissions@calu.edu,calu
Calumet College Of St Joseph,admissions@ccsj.edu,ccsj
Calvary University,admissions@calvary.edu,calvary
Calvin College,admissions@calvin.edu,calvin
Cambridge College,admissions@cambridgecollege.edu,cambridgecollege
Cameron University,admissions@cameron.edu,cameron
Campbellsville University,admissions@campbellsville.edu,campbellsville
Canisius College,admissions@canisius.edu,canisius
Capital University,admission@capital.edu,capital
Capitol Technology University,admissions@captechu.edu,captechu
Cardinal Stritch University,admissions@stritch.edu,stritch
Caribbean University,admisiones@caribbean.edu,caribbean
Carleton College,admissions@carleton.edu,carleton
Carlow University,admissions@carlow.edu,carlow
Carroll College,enroll@carroll.edu,carroll
Carroll College,admission@carroll.edu,carroll
Carroll University,info@carrollu.edu,carrollu
Carson Newman University,admitme@cn.edu,cn
Carthage College,admissions@carthage.edu,carthage
Case Western Reserve University,admission@case.edu,case
Castleton University,info@castleton.edu,castleton
Catawba College,admission@catawba.edu,catawba
Catawba College,admissions@catawba.edu,catawba
Catholic University America,cua-admissions@cua.edu,cua
Cazenovia College,admission@cazenovia.edu,cazenovia
Cedar Crest College,admissions@cedarcrest.edu,cedarcrest
Cedarville University,admiss@cedarville.edu,cedarville
Centenary College Louisiana,admission@centenary.edu,centenary
Centenary University,admissions@centenaryuniversity.edu,centenaryuniversity
Centenary University,centuadmissions@centenaryuniversity.edu,centenaryuniversity
Central Christian College Of Kansas,admissions@centralchristian.edu,centralchristian
Central College,admission@central.edu,central
Central Connecticut State University,admissions@ccsu.edu,ccsu
Central Methodist University,admissions@centralmethodist.edu,centralmethodist
Central Michigan University,cmuadmit@cmich.edu,cmich
Central Penn College,admissions@centralpenn.edu,centralpenn
Central State University,admissions@centralstate.edu,centralstate
Central Washington University,admissions@cwu.edu,cwu
Centre College,admission@centre.edu,centre
Chadron State College,cscadmissions@csc.edu,csc
Chaminade University Honolulu,admissions@chaminade.edu,chaminade
Champlain College,admission@champlain.edu,champlain
Chapman University,admit@chapman.edu,chapman
Charles R Drew University Medicine And Science,admissionsinfo@cdrewu.edu,cdrewu
Charleston Southern University,enroll@csuniv.edu,csuniv
Charter Oak State College,admissions@charteroak.edu,charteroak
Chatham University,admissions@chatham.edu,chatham
Chestnut Hill College,admissions@chc.edu,chc
Cheyney University Of Pennsylvania,admissions@cheyney.edu,cheyney
Chicago State University,ug-admissions@csu.edu,csu
Chipola College,hambrightb@chipola.edu,chipola
Chowan University,enroll@chowan.edu,chowan
Christendom College,admissions@christendom.edu,christendom
Christian Brothers University,admissions@cbu.edu,cbu
Christopher Newport University,admit@cnu.edu,cnu
Cincinnati Christian University,ccuadmissions@ccuniversity.edu,ccuniversity
Claflin University,admissions@claflin.edu,claflin
Claremont Mckenna College,admission@cmc.edu,cmc
Clarion University Of Pennsylvania,admissions@clarion.edu,clarion
Clark Atlanta University,admissions@cau.edu,cau
Clark University,admissions@clarku.edu,clarku
Clarke University,admissions@clarke.edu,clarke
Clarks Summit University,admissions@clarkssummitu.edu,clarkssummitu
Clarkson College,admissions@clarksoncollege.edu,clarksoncollege
Clarkson University,admission@clarkson.edu,clarkson
Clayton State University,ccsu-info@clayton.edu,clayton
Clear Creek Baptist Bible College,admissions@ccbbc.edu,ccbbc
Cleary University,admissions@cleary.edu,cleary
Clemson University,cuadmissions@clemson.edu,clemson
Cleveland Institute Of Music,admission@cim.edu,cim
Cleveland State University,admissions@csuohio.edu,csuohio
Coastal Carolina University,admissions@coastal.edu,coastal
Coe College,admission@coe.edu,coe
Cogswell Polytechnical College,info@cogswell.edu,cogswell
Coker College,admissions@coker.edu,coker
Colby College,admissions@colby.edu,colby
Colby Sawyer College,admissions@colby-sawyer.edu,colby-sawyer
Colgate University,admission@colgate.edu,colgate
College Of Charleston,admissions@cofc.edu,cofc
The College of Idaho,admission@collegeofidaho.edu,collegeofidaho
College of Mount Saint Vincent,admissions@mountsaintvincent.edu,mountsaintvincent
College Of Mount Saint Vincent,admissions.office@mountsaintvincent.edu,mountsaintvincent
College of New Jersey,tcnjinfo@tcnj.edu,tcnj
College of New Rochelle,admission@cnr.edu,cnr
College Of Saint Benedict,admissions@csbsju.edu,csbsju
College of Saint Elizabeth,apply@cse.edu,cse
College of Saint Rose,admit@strose.edu,strose
College Of St Mary,enroll@csm.edu,csm
College Of Staten Island Cuny,admissions@csi.cuny.edu,csi.cuny
College of the Atlantic Atlantic,inquiry@coa.edu,coa
College of the Holy Cross,admissions@holycross.edu,holycross
College Of The Ozarks,admissions@cofo.edu,cofo
College of William & Mary,admission@wm.edu,wm
College St Joseph,admissions@csj.edu,csj
College St Scholastica,admissions@css.edu,css
College Wooster,admissions@wooster.edu,wooster
Colorado Christian University,ccuadmissions@ccu.edu,ccu
Colorado College,admission@coloradocollege.edu,coloradocollege
Colorado Mesa University,admissions@coloradomesa.edu,coloradomesa
Colorado School Of Mines,admit@mines.edu,mines
Colorado State University,admissions@colostate.edu,colostate
Colorado State University Pueblo,info@csupueblo.edu,csupueblo
Columbia College,admissions@ccis.edu,ccis
Columbia College,admissions@columbiasc.edu,columbiasc
Columbia College Chicago,admissions@colum.edu,colum
Columbia College Hollywood,admissions@columbiacollege.edu,columbiacollege
Columbia International University,yesciu@ciu.edu,ciu
Columbus College Of Art And Design,admissions@ccad.edu,ccad
Columbus State University,admissions@columbusstate.edu,columbusstate
Concord University,admissions@concord.edu,concord
Concordia College,admission@concordia-ny.edu,concordia-ny
Concordia College Moorhead,admissions@cord.edu,cord
Concordia University Chicago,Admission@CUChicago.edu,CUChicago
Concordia University Irvine,admissions@cui.edu,cui
Concordia University Irvine,admission@cui.edu,cui
Concordia University Nebraska,admiss@cune.edu,cune
Concordia University Portland Or,admission@cu-portland.edu,cu-portland
Concordia University St Paul,admissions@csp.edu,csp
Concordia University St Paul,admission@csp.edu,csp
Concordia University Texas,admissions@concordia.edu,concordia
Concordia University Wisconsin,admissions@cuw.edu,cuw
Connecticut College,admission@conncoll.edu,conncoll
Conservatory Of Music Of Puerto Rico,admisiones@cmpr.edu,cmpr
Converse College,admissions@converse.edu,converse
Cooper Union Advancement Science And Art,admissions@cooper.edu,cooper
Coppin State University,admissions@coppin.edu,coppin
Corban University,admissions@corban.edu,corban
Cornell College,admission@cornellcollege.edu,cornellcollege
Cornerstone University,admissions@cornerstone.edu,cornerstone
Cornish College Of The Arts,admission@cornish.edu,cornish
Covenant College,admissions@covenant.edu,covenant
Creighton University,admissions@creighton.edu,creighton
Criswell College,enrollment@criswell.edu,criswell
Crown College,admissions@crown.edu,crown
Culinary Institute America Ny,admissions@culinary.edu,culinary
Culver Stockton College,admission@culver.edu,culver
Cumberland University,admissions@cumberland.edu,cumberland
Cuny Baruch College,admissions@baruch.cuny.edu,baruch.cuny
Cuny City College,admissions@ccny.cuny.edu,ccny.cuny
Cuny Hunter College,admissions@hunter.cuny.edu,hunter.cuny
Cuny John Jay College Of Criminal Justice,admissions@jjay.cuny.edu,jjay.cuny
Cuny Lehman College,enroll@lehman.cuny.edu,lehman.cuny
Cuny Medgar Evers College,applytomec@mec.cuny.edu,mec.cuny
Cuny New York City College Of Technology,admissions@citytech.cuny.edu,citytech.cuny
Cuny Queens College,admissions@qc.cuny.edu,qc.cuny
Cuny York College,admissions@york.cuny.edu,york.cuny
Curry College,adm@curry.edu,curry
Daemen College,admissions@daemen.edu,daemen
Dakota State University,admissions@dsu.edu,dsu
Dakota Wesleyan University,admissions@dwu.edu,dwu
Dallas Baptist University,admiss@dbu.edu,dbu
Dallas Christian College,admissions@dallas.edu,dallas
Dalton State College,admissions@daltonstate.edu,daltonstate
Dartmouth College,admissions.office@dartmouth.edu,dartmouth
Davenport University,info@davenport.edu,davenport
Davidson College,admission@davidson.edu,davidson
Davis Elkins College,summersm@dewv.edu,dewv
Dean College,admissions@dean.edu,dean
Dean College,admission@dean.edu,dean
Defiance College,admissions@defiance.edu,defiance
Delaware State University,admissions@desu.edu,desu
Delaware Valley University,admitme@delval.edu,delval
Delta State University,admissions@deltastate.edu,deltastate
Denison University,admissions@denison.edu,denison
Denison University,admission@denison.edu,denison
Depaul University,admission@depaul.edu,depaul
Depauw University,admission@depauw.edu,depauw
Desales University,admiss@desales.edu,desales
Dickinson College,admissions@dickinson.edu,dickinson
Dickinson State University,dsu.hawks@dickinsonstate.edu,dickinsonstate
Digipen Institute Of Technology,admissions@digipen.edu,digipen
Dillard University,admissions@dillard.edu,dillard
Dixie State University,admissions@dixie.edu,dixie
Doane University,admissions@doane.edu,doane
Dominican College,admissions@dc.edu,dc
Dominican University,domadmis@dom.edu,dom
Dominican University California,enroll@dominican.edu,dominican
Dordt College,admissions@dordt.edu,dordt
Drake University,admission@drake.edu,drake
Drew University,cadm@drew.edu,drew
Drexel University,enroll@drexel.edu,drexel
Drury University,druryad@drury.edu,drury
Duke Kunshan University,undergrad-admissions@dukekunshan.edu.cn,dukekunshan
Duke University,undergrad-admissions@duke.edu,duke
Duquesne University,admissions@duq.edu,duq
Dyouville College,admissons@dyc.edu,dyc
Earlham College,admission@earlham.edu,earlham
Earlham College,admissions@earlham.edu,earlham
East Carolina University,admis@ecu.edu,ecu
East Central University,admissions@ecok.edu,ecok
East Stroudsburg University Of Pennsylvania,undergrads@esu.edu,esu
East Tennessee State University,go2etsu@etsu.edu,etsu
East Texas Baptist University,admissions@etbu.edu,etbu
East West University,admissions@eastwest.edu,eastwest
Eastern Connecticut State University,admissions@easternct.edu,easternct
Eastern Illinois University,admissions@eiu.edu,eiu
Eastern Kentucky University,admissions@eku.edu,eku
Eastern Mennonite University,admiss@emu.edu,emu
Eastern Michigan University,admissions@emich.edu,emich
Eastern Nazarene College,admissions@enc.edu,enc
Eastern New Mexico University,enrollment.services@enmu.edu,enmu
Eastern Oregon University,admissions@eou.edu,eou
Eastern University,ugadm@eastern.edu,eastern
Eastern Washington University,admissions@ewu.edu,ewu
Eckerd College,admissions@eckerd.edu,eckerd
Edgewood College,admissions@edgewood.edu,edgewood
Edinboro University Pennsylvania,admissions@edinboro.edu,edinboro
Edward Waters College,admissions@ewc.edu,ewc
Elizabeth City State University,admissions@ecsu.edu,ecsu
Elizabethtown College,admissions@etown.edu,etown
Elmhurst College,admit@elmhurst.edu,elmhurst
Elmira College,admissions@elmira.edu,elmira
Elms College,admissions@elms.edu,elms
Elon University,admissions@elon.edu,elon
Embry Riddle Aeronautical University Daytona Beach,dbadmit@erau.edu,erau
Embry Riddle Aeronautical University Prescott,pradmit@erau.edu,erau
Embry Riddle Aeronautical University Worldwide Campus,wwadmissions@erau.edu,erau
Emerson College,admission@emerson.edu,emerson
Emily Carr University Of Art Design,admissions@ecuad.ca,ecuad
Emmanuel College,enroll@emmanuel.edu,emmanuel
Emmanuel College Ga,admissions@ec.edu,ec
Emmanuel College Ma,admissions@emmanuel.edu,emmanuel
Emmaus Bible College,admissions@emmaus.edu,emmaus
Emory Henry College,ehadmiss@ehc.edu,ehc
Emory University,admission@emory.edu,emory
Emporia State University,go2esu@emporia.edu,emporia
Endicott College,admission@endicott.edu,endicott
Erskine College,admissions@erskine.edu,erskine
Escp Europe Business School,bachelorlondon@escpeurope.eu,escpeurope
Eugene Lang College The New School For Liberal Arts,lang@newschool.edu,newschool
Eureka College,admissions@eureka.edu,eureka
Evangel University,admissions@evangel.edu,evangel
Evergreen State College,admissions@evergreen.edu,evergreen
Fairfield University,admis@fairfield.edu,fairfield
Fairleigh Dickinson University,admissions@fdu.edu,fdu
Fairmont State University,admit@fairmontstate.edu,fairmontstate
Faith Baptist Bible College And Theological Seminary,admissions@faith.edu,faith
Fashion Institute Of Technology,fitinfo@fitnyc.edu,fitnyc
Faulkner University,admissions@faulkner.edu,faulkner
Fayetteville State University,admissions@uncfsu.edu,uncfsu
Felician University,admissions@felician.edu,felician
Ferris State University,admissions@ferris.edu,ferris
Ferrum College,admissions@ferrum.edu,ferrum
Fisher College,admissions@fisher.edu,fisher
Fisk University,admit@fisk.edu,fisk
Fitchburg State University,admissions@fitchburgstate.edu,fitchburgstate
Five Towns College,admissions@ftc.edu,ftc
Flagler College,admissions@flagler.edu,flagler
Flashpoint Chicago Campus Columbia College Hollywood,flashpoint.admissions@columbiacollege.edu,columbiacollege
Florida Agricultural Mechanical University,ugrdadmissions@famu.edu,famu
Florida Atlantic University,admissions@fau.edu,fau
Florida College,admissions@floridacollege.edu,floridacollege
Florida Gulf Coast University,admissions@fgcu.edu,fgcu
Florida Institute Technology,admission@fit.edu,fit
Florida International University,admiss@fiu.edu,fiu
Florida Memorial University,admit@fmuniv.edu,fmuniv
Florida National University,admissions@fnu.edu,fnu
Florida Polytechnic University,admissions@flpoly.org,flpoly
Florida Southern College,fscadm@flsouthern.edu,flsouthern
Florida State University,admissions@fsu.edu,fsu
Fontbonne University,fbyou@fontbonne.edu,fontbonne
Fordham University,enroll@fordham.edu,fordham
Fort Hays State University,tigers@fhsu.edu,fhsu
Fort Lewis College,admission@fortlewis.edu,fortlewis
Fort Valley State University,admissions@fvsu.edu,fvsu
Framingham State University,admissions@framingham.edu,framingham
Francis Marion University,admissions@fmarion.edu,fmarion
Franciscan Missionaries Of Our Lady University,ololcinfo@ololcollege.edu,ololcollege
Franciscan University Of Steubenville,admissions@franciscan.edu,franciscan
Franklin College,admissions@franklincollege.edu,franklincollege
Franklin Marshall College,admission@fandm.edu,fandm
Franklin Pierce University,admissions@franklinpierce.edu,franklinpierce
Franklin University Switzerland,info@fus.edu,fus
Franklin W Olin College Engineering,apply@olin.edu,olin
Freed Hardeman University,admissions@fhu.edu,fhu
Fresno Pacific University,admissions@fresno.edu,fresno
Friends University,admission@friends.edu,friends
Frostburg State University,fsuadmissions@frostburg.edu,frostburg
Furman University,admission@furman.edu,furman
Gallaudet University,admissions.office@gallaudet.edu,gallaudet
Gannon University,admissions@gannon.edu,gannon
Gardner Webb University,admissions@gardner-webb.edu,gardner-webb
George Fox University,admissions@georgefox.edu,georgefox
George Mason University,admissions@gmu.edu,gmu
George Washington University,gwadm@gwu.edu,gwu
Georgetown College,admissions@georgetowncollege.edu,georgetowncollege
Georgetown University,guadmiss@georgetown.edu,georgetown
Georgia College,admissions@gcsu.edu,gcsu
Georgia Gwinnett College,ggcadmissions@ggc.edu,ggc
Georgia Southern University Armstrong And Liberty Campuses,admissions@georgiasouthern.edu,georgiasouthern
Georgia Southwestern State University,admissions@gsw.edu,gsw
Georgia State University,admissions@gsu.edu,gsu
Georgian Court University,admissions@georgian.edu,georgian
Gettysburg College,admiss@gettysburg.edu,gettysburg
Glenville State College,admissions@glenville.edu,glenville
Goddard College,admissions@goddard.edu,goddard
Goldey Beacom College,gbc@gbc.edu,gbc
Goldfarb School Of Nursing At Barnes Jewish College,gson-admissions@bjc.org,bjc
Gonzaga University,admissions@gonzaga.edu,gonzaga
Gordon College,admissions@gordon.edu,gordon
Gordon State College,gordon@gordonstate.edu,gordonstate
Goshen College,admission@goshen.edu,goshen
Goucher College,admissions@goucher.edu,goucher
Governors State University,admissions@govst.edu,govst
Grace Bible College,graceadmissions@gbcol.edu,gbcol
Grace College Seminary,admissions@grace.edu,grace
Graceland University,admissions@graceland.edu,graceland
Grambling State University,admissions@gram.edu,gram
Grand Canyon University,facouns@gcu.edu,gcu
Grand Valley State University,go2gvsu@gvsu.edu,gvsu
Grand View University,admissions@grandview.edu,grandview
Granite State College,ask.granite@granite.edu,granite
Great Basin College,admissions@gbcnv.edu,gbcnv
Green Mountain College,admissions@greenmtn.edu,greenmtn
Greensboro College,admissions@greensboro.edu,greensboro
Greenville University,admissions@greenville.edu,greenville
Grinnell College,admission@grinnell.edu,grinnell
Grove City College,admissions@gcc.edu,gcc
Guilford College,admission@guilford.edu,guilford
Gustavus Adolphus College,admission@gustavus.edu,gustavus
Gwynedd Mercy University,admissions@gmercyu.edu,gmercyu
Hamilton College,admission@hamilton.edu,hamilton
Hamline University Mn,admission@hamline.edu,hamline
Hampden Sydney College,admissions@hsc.edu,hsc
Hampden Sydney College,hsapp@hsc.edu,hsc
Hampshire College,admissions@hampshire.edu,hampshire
Hampton University,admit@hamptonu.edu,hamptonu
Hannibal Lagrange University,admissions@hlg.edu,hlg
Hanover College,admission@hanover.edu,hanover
Hardin Simmons University,enroll@hsutx.edu,hsutx
Harding University,admissions@harding.edu,harding
Harris Stowe State University,admissions@hssu.edu,hssu
Harrisburg University Science And Technology,UndergraduateAdmissions@HarrisburgU.edu,HarrisburgU
Hartwick College,admissions@hartwick.edu,hartwick
Harvard College,college@fas.harvard.edu,harvard
Harvey Mudd College,admission@hmc.edu,hmc
Hastings College,hcadmissions@hastings.edu,hastings
Haverford College,admission@haverford.edu,haverford
Hawaii Pacific University,admissions@hpu.edu,hpu
Heidelberg University,admission@heidelberg.edu,heidelberg
Hellenic College,admissions@hchc.edu,hchc
Henderson State University,admissions@hsu.edu,hsu
Hendrix College,adm@hendrix.edu,hendrix
High Point University,admiss@highpoint.edu,highpoint
Hilbert College,admissions@hilbert.edu,hilbert
Hillsdale College,admissions@hillsdale.edu,hillsdale
Hiram College,admission@hiram.edu,hiram
Hobart And William Smith Colleges,admissions@hws.edu,hws
Hodges University,admit@hodges.edu,hodges
Hofstra University,admission@hofstra.edu,hofstra
Hollins University,huadm@hollins.edu,hollins
Holy Cross College,admissions@hcc-nd.edu,hcc-nd
Holy Family University,admissions@holyfamily.edu,holyfamily
Holy Names University,admissions@hnu.edu,hnu
Hood College,admissions@hood.edu,hood
Hood College,admission@hood.edu,hood
Hope College,admissions@hope.edu,hope
Houghton College,admission@houghton.edu,houghton
Houston Baptist University,admissions@hbu.edu,hbu
Howard Payne University,enroll@hputx.edu,hputx
Howard University,admission@howard.edu,howard
Hult International Business School,undergraduate.info@hult.edu,hult
Humboldt State University,hsuinfo@humboldt.edu,humboldt
Huntingdon College,admiss@hawks.huntingdon.edu,huntingdon
Huntingdon College Of Health Sciences,admissions@hchs.edu,hchs
Huntington University,admissions@huntington.edu,huntington
Husson University,admit@husson.edu,husson
Huston Tillotson University,admission@htu.edu,htu
Idaho State University,admiss@isu.edu,isu
Ie University,university@ie.edu,ie
Illinois College,admissions@mail.ic.edu,ic
Illinois Institute Technology,admission@iit.edu,iit
Illinois State University,admissions@illinoisstate.edu,illinoisstate
Illinois Wesleyan University,iwuadmit@iwu.edu,iwu
Immaculata University,Admiss@immaculata.edu,immaculata
Indiana Institute Of Technology,admissions@indianatech.edu,indianatech
Indiana State University,admissions@indstate.edu,indstate
Indiana University Bloomington,iuadmit@indiana.edu,indiana
Indiana University East,applynow@iue.edu,iue
Indiana University Kokomo,iuadmis@iuk.edu,iuk
Indiana University Northwest,admit@iun.edu,iun
Indiana University Of Pennsylvania,admissions-inquiry@iup.edu,iup
Indiana University South Bend,admissions@iusb.edu,iusb
Indiana University Southeast,admissions@ius.edu,ius
Indiana Wesleyan University,admissions@indwes.edu,indwes
Institute Of American Indian Arts,admissions@iaia.edu,iaia
Inter American University Of Puerto Rico Aguadilla,gcortes@aguadilla.inter.edu,inter
Inter American University Of Puerto Rico Fajardo,ada.caraballo@fajardo.inter.edu,inter
Inter American University Of Puerto Rico Guayama,laura.ferrer@guayama.inter.edu,inter
Inter American University Of Puerto Rico Ponce,admisiones@ponce.inter.edu,inter
Inter American University Of Puerto Rico San German,milcama@intersg.edu,intersg
Iona College,admissions@iona.edu,iona
Iowa State University,admissions@iastate.edu,iastate
Iowa Wesleyan University,admit@iw.edu,iw
IPFW,ask@ipfw.edu,ipfw
Ithaca College,admission@ithaca.edu,ithaca
IUPUI,apply@iupui.edu,iupui
Jackson State University,admappl@jsums.edu,jsums
Jacksonville State University,info@jsu.edu,jsu
Jacksonville University,admissions@ju.edu,ju
Jacksonville University,admiss@ju.edu,ju
Jacobs University Bremen,admission@jacobs-university.de,jacobs-university
James Madison University,admissions@jmu.edu,jmu
Jarvis Christian College,recruitment@jarvis.edu,jarvis
Jefferson College Health Sciences,admissions@jchs.edu,jchs
Jefferson Philadelphia University Thomas Jefferson University,admissions@philau.edu,philau
John Brown University,jbuinfo@jbu.edu,jbu
John Cabot University Rome,admissions@johncabot.edu,johncabot
John Carroll University,enrollment@jcu.edu,jcu
John Paul The Great Catholic University,mharold@jpcatholic.com,jpcatholic
John Wesley University,admissions@johnwesley.edu,johnwesley
Johns Hopkins University,gotojhu@jhu.edu,jhu
Johnson C Smith University,admissions@jcsu.edu,jcsu
Johnson University,admissions@johnsonu.edu,johnsonu
Johnson University Florida,admissionsfl@johnsonu.edu,johnsonu
Johnson Wales University,mia@admissions.jwu.edu,jwu
Johnson Wales University,pvd@admissions.jwu.edu,jwu
Johnson Wales University,den@admissions.jwu.edu,jwu
Johnson Wales University,clt@admissions.jwu.edu,jwu
Judson College,admissions@judson.edu,judson
Judson University,admissions@judsonu.edu,judsonu
Juilliard School,admissions@juilliard.edu,juilliard
Juniata College,applications@juniata.edu,juniata
Juniata College,admissions@juniata.edu,juniata
Kalamazoo College,admission.records@kzoo.edu,kzoo
Kalamazoo College,admission@kzoo.edu,kzoo
Kansas City Art Institute,admiss@kcai.edu,kcai
Kansas State University,k-state@k-state.edu,k-state
Kean University,admitme@kean.edu,kean
Keene State College,kscadmissions@keene.edu,keene
Kendall College,info@kendall.edu,kendall
Kennesaw State University,ksuadmit@kennesaw.edu,kennesaw
Kent State University,admissions@kent.edu,kent
Kentucky Christian University,knights@kcu.edu,kcu
Kentucky Mountain Bible College,kmbc@kmbc.edu,kmbc
Kentucky State University,admissions@kysu.edu,kysu
Kentucky Wesleyan College,admissions@kwc.edu,kwc
Kenyon College,admissions@kenyon.edu,kenyon
Kettering University,admissions@kettering.edu,kettering
Keuka College,admissions@keuka.edu,keuka
Keystone College,admissions@keystone.edu,keystone
King University,admission@king.edu,king
Kings College,admissions@kings.edu,kings
Knox College,admission@knox.edu,knox
Kutztown University Of Pennsylvania,admissions@kutztown.edu,kutztown
Kuyper College,admissions@kuyper.edu,kuyper
La Roche College,admissions@laroche.edu,laroche
La Salle University,admiss@lasalle.edu,lasalle
La Sierra University,admissions@lasierra.edu,lasierra
Lafayette College,admissions@lafayette.edu,lafayette
Lagrange College,admission@lagrange.edu,lagrange
Laguna College Of Art And Design,admissions@lcad.edu,lcad
Lake Erie College,admissions@lec.edu,lec
Lake Forest College,admissions@lakeforest.edu,lakeforest
Lake Superior State University,admissions@lssu.edu,lssu
Lakeland University,admissions@lakeland.edu,lakeland
Lamar University,admissions@lamar.edu,lamar
Lander University,admissions@lander.edu,lander
Lane College,admissions@lanecollege.edu,lanecollege
Langston University,admissions@langston.edu,langston
Lasell College,info@lasell.edu,lasell
Lawrence Technological University,admissions@ltu.edu,ltu
Lawrence University,admissions@lawrence.edu,lawrence
Le Moyne College,admission@lemoyne.edu,lemoyne
Leavell College Of New Orleans Baptist Theological Seminary,leavelladmissions@nobts.edu,nobts
Lebanon Valley College,admission@lvc.edu,lvc
Lee University,admissions@leeuniversity.edu,leeuniversity
Lees Mcrae College,admissions@lmc.edu,lmc
Lehigh University,admissions@lehigh.edu,lehigh
Lemoyne Owen College,admission@loc.edu,loc
Lenoir Rhyne University,admission@lr.edu,lr
Lesley University,admissions@lesley.edu,lesley
Letourneau University,admissions@letu.edu,letu
Lewis Clark College,admissions@lclark.edu,lclark
Lewis Clark State College,admissions@lcsc.edu,lcsc
Lewis University,admissions@lewisu.edu,lewisu
Liberty University,admissions@liberty.edu,liberty
Life Pacific College,info@lifepacific.edu,lifepacific
Life University,admission@life.edu,life
Lim College,admissions@limcollege.edu,limcollege
Limestone College,admiss@limestone.edu,limestone
Lincoln Christian University,enroll@lincolnchristian.edu,lincolnchristian
Lincoln Memorial University,admissions@lmunet.edu,lmunet
Lincoln University,admissions@lincolnuca.edu,lincolnuca
Lincoln University,admissions@lincoln.edu,lincoln
Lincoln University,admissions@lincolnu.edu,lincolnu
Lindenwood University,Admissions@lindenwood.edu,lindenwood
Lindsey Wilson College,admissions@lindsey.edu,lindsey
Linfield College,admission@linfield.edu,linfield
Lipscomb University,admissions@lipscomb.edu,lipscomb
List College Jewish Theological Seminary,lcadmissions@jtsa.edu,jtsa
Livingstone College,admissions@livingstone.edu,livingstone
Lock Haven University Of Pennsylvania,admissions@lockhaven.edu,lockhaven
Long Island University Brooklyn Campus,bkln-admissions@liu.edu,liu
Long Island University Post Campus,post-enroll@liu.edu,liu
Longwood University,admissions@longwood.edu,longwood
Loras College,admissions@loras.edu,loras
Louisiana College,admissions@lacollege.edu,lacollege
Louisiana State University Am Baton Rouge,admissions@lsu.edu,lsu
Louisiana State University Shreveport,admissions@lsus.edu,lsus
Louisiana Tech University,bulldog@latech.edu,latech
Lourdes University,luadmits@lourdes.edu,lourdes
Loyola Marymount University,admissions@lmu.edu,lmu
Loyola Marymount University,admission@lmu.edu,lmu
Loyola University Chicago,admission@luc.edu,luc
Loyola University Maryland,admission@loyola.edu,loyola
Loyola University Maryland,admissions@loyola.edu,loyola
Loyola University New Orleans,admit@loyno.edu,loyno
Lubbock Christian University,admissions@lcu.edu,lcu
Luther College,admissions@luther.edu,luther
Luther Rice College Seminary,admissions@lutherrice.edu,lutherrice
Lycoming College,admissions@lycoming.edu,lycoming
Lyme Academy College Of Fine Arts,admissions@lymefs.newhaven.edu,newhaven
Lynn University,admission@lynn.edu,lynn
Lyon College,admissions@lyon.edu,lyon
Macalester College,admissions@macalester.edu,macalester
Macmurray College,admissions@mac.edu,mac
Madonna University,admissions@madonna.edu,madonna
Maharishi University Of Management,admissions@mum.edu,mum
Maine College Art,admissions@meca.edu,meca
Maine Maritime Academy,admissions@mma.edu,mma
Malone University,admissions@malone.edu,malone
Manchester University,admitinfo@manchester.edu,manchester
Manhattan Christian College,admit@mccks.edu,mccks
Manhattan College,admit@manhattan.edu,manhattan
Manhattan School Of Music,admission@msmnyc.edu,msmnyc
Manhattanville College,admissions@mville.edu,mville
Mansfield University Of Pennsylvania,admissions@mansfield.edu,mansfield
Maranatha Baptist University,admissions@mbu.edu,mbu
Marian University Indiana,admissions@marian.edu,marian
Marian University Wisconsin,admissions@marianuniversity.edu,marianuniversity
Marietta College,wardens@marietta.edu,marietta
Marist College,admission@marist.edu,marist
Marlboro College,admissions@marlboro.edu,marlboro
Marquette University,admissions@mu.edu,mu
Marquette University,admissions@marquette.edu,marquette
Mars Hill University,admissions@mhu.edu,mhu
Marshall University,admissions@marshall.edu,marshall
Martin Luther College,bauermd@mlc-wels.edu,mlc-wels
Martin Methodist College,admit@martinmethodist.edu,martinmethodist
Martin University,admissions@martin.edu,martin
Mary Baldwin University,admit@marybaldwin.edu,marybaldwin
Mary Immaculate College,international@mic.ul.ie,ul
Marygrove College,info@marygrove.edu,marygrove
Maryland Institute College Art,admissions@mica.edu,mica
Marylhurst University,admissions@marylhurst.edu,marylhurst
Marymount California University,admission@marymountcalifornia.edu,marymountcalifornia
Marymount Manhattan College,admissions@mmm.edu,mmm
Marymount University,admissions@marymount.edu,marymount
Maryville College,admissions@maryvillecollege.edu,maryvillecollege
Maryville University St Louis,admissions@maryville.edu,maryville
Marywood University,yourfuture@marywood.edu,marywood
Massachusetts College Art And Design,admissions@massart.edu,massart
Massachusetts College Liberal Arts,admissions@mcla.edu,mcla
Massachusetts College Pharmacy And Health Sciences Mcphs University,admissions@mcphs.edu,mcphs
Massachusetts Institute Of Technology,admissions@mit.edu,mit
Massachusetts Maritime Academy,admissions@maritime.edu,maritime
Maynooth University Ireland,deirdre.a.dunne@mu.ie,mu
Mayville State University,masu.admissions@mayvillestate.edu,mayvillestate
Mcdaniel College,admissions@mcdaniel.edu,mcdaniel
Mckendree University,inquiry@mckendree.edu,mckendree
Mcmurry University,admissions@mcm.edu,mcm
Mcneese State University,admissions@mcneese.edu,mcneese
Mcpherson College,admissions@mcpherson.edu,mcpherson
Medaille College,admissionsug@medaille.edu,medaille
Medical University Of South Carolina,oesadmis@musc.edu,musc
Memphis College Of Art,info@mca.edu,mca
Menlo College,admissions@menlo.edu,menlo
Mercer University,admissions@mercer.edu,mercer
Mercy College,admissions@mercy.edu,mercy
Mercy College Of Health Sciences,admissions@mchs.edu,mchs
Mercyhurst University,admissions@mercyhurst.edu,mercyhurst
Meredith College,admissions@meredith.edu,meredith
Merrimack College,admission@merrimack.edu,merrimack
Messiah College,admissions@messiah.edu,messiah
Methodist University,admissions@methodist.edu,methodist
Metropolitan College Of New York,admissions@mcny.edu,mcny
Metropolitan State University,admission.metro@metrostate.edu,metrostate
Metropolitan State University Of Denver,askmetro@msudenver.edu,msudenver
Miami University Ohio,admission@miamioh.edu,miamioh
Michigan State University,admis@msu.edu,msu
Michigan Technological University,mtu4u@mtu.edu,mtu
Mid America Christian University,admissions@macu.edu,macu
Mid Atlantic Christian University,admissions@macuniversity.edu,macuniversity
Midamerica Nazarene University,admissions@mnu.edu,mnu
Middle Georgia State University,admissions@mga.edu,mga
Middle Tennessee State University,admissions@mtsu.edu,mtsu
Middlebury College,admissions@middlebury.edu,middlebury
Midland University,admissions@midlandu.edu,midlandu
Midway University,admissions@midway.edu,midway
Midwestern State University,admissions@mwsu.edu,mwsu
Miles College,admissions@miles.edu,miles
Millersville University,admissions@millersville.edu,millersville
Milligan College,admissions@milligan.edu,milligan
Millikin University,admis@millikin.edu,millikin
Mills College,admission@mills.edu,mills
Millsaps College,admissions@millsaps.edu,millsaps
Milwaukee Institute Of Art And Design,admissions@miad.edu,miad
Milwaukee School Engineering,explore@msoe.edu,msoe
Minerva Schools Kgi,admissions@minerva.kgi.edu,kgi
Minneapolis College Of Art And Design,admissions@mcad.edu,mcad
Minnesota State University Mankato,admissions@mnsu.edu,mnsu
Minnesota State University Moorhead,admissions@mnstate.edu,mnstate
Minot State University,askmsu@minotstateu.edu,minotstateu
Misericordia University,admiss@misericordia.edu,misericordia
Mississippi College,admissions@mc.edu,mc
Mississippi State University,admit@msstate.edu,msstate
Mississippi University For Women,admissions@muw.edu,muw
Mississippi Valley State University,admsn@mvsu.edu,mvsu
Missouri Baptist University,admissions@mobap.edu,mobap
Missouri Southern State University,admissions@mssu.edu,mssu
Missouri State University,info@missouristate.edu,missouristate
Missouri University Science And Technology,admissions@mst.edu,mst
Missouri Valley College,admissions@moval.edu,moval
Missouri Western State University,admissions@missouriwestern.edu,missouriwestern
Mitchell College,admissions@mitchell.edu,mitchell
Molloy College,admissions@molloy.edu,molloy
Monash University,scenquiries@monash.edu,monash
Monmouth College Il,admissions@monmouthcollege.edu,monmouthcollege
Monmouth University,admission@monmouth.edu,monmouth
Montana State University Billings,admissions@msubillings.edu,msubillings
Montana State University Bozeman,admissions@montana.edu,montana
Montana State University Northern,admissions@msun.edu,msun
Montana Tech,enrollment@mtech.edu,mtech
Montclair State University,msuadm@montclair.edu,montclair
Montreat College,admissions@montreat.edu,montreat
Montserrat College Art,admissions@montserrat.edu,montserrat
Moravian College,admissions@moravian.edu,moravian
Morehead State University,admissions@moreheadstate.edu,moreheadstate
Morehouse College,admissions@morehouse.edu,morehouse
Morgan State University,admissions@morgan.edu,morgan
Morningside College,admissions@morningside.edu,morningside
Morris College,dcalhoun@morris.edu,morris
Mount Aloysius College,admissions@mtaloy.edu,mtaloy
Mount Carmel College Of Nursing,mccnadmissions@mccn.edu,mccn
Mount Holyoke College,admission@mtholyoke.edu,mtholyoke
Mount Marty College,mmcadmit@mtmc.edu,mtmc
Mount Mary University,mmu-admiss@mtmary.edu,mtmary
Mount Mercy University,admission@mtmercy.edu,mtmercy
Mount Saint Mary College,admissions@msmc.edu,msmc
Mount Saint Marys University,admissions@msmu.edu,msmu
Mount St Joseph University,admission@msj.edu,msj
Mount St Marys University,admissions@msmary.edu,msmary
Mount Vernon Nazarene University,admissions@mvnu.edu,mvnu
Muhlenberg College,admissions@muhlenberg.edu,muhlenberg
Multnomah University,admiss@multnomah.edu,multnomah
Murray State University,msu.admissions@murraystate.edu,murraystate
Muskingum University,adminfo@muskingum.edu,muskingum
Naropa University,admissions@naropa.edu,naropa
National Louis University,admissions@nl.edu,nl
Navarra University Of,admision@unav.es,unav
Nazarene Bible College,info@nbc.edu,nbc
Nazareth College,admissions@naz.edu,naz
Nebraska Christian College,admissions@nechristian.edu,nechristian
Nebraska Methodist College,admissions@methodistcollege.edu,methodistcollege
Nebraska Wesleyan University,admissions@nebrwesleyan.edu,nebrwesleyan
Neumann University,neumann@neumann.edu,neumann
Neumont College Of Computer Science,admissions@neumont.edu,neumont
Nevada State College,admissions@nsc.edu,nsc
New College Florida,admissions@ncf.edu,ncf
New England College,admission@nec.edu,nec
New England Conservatory Of Music,admission@necmusic.edu,necmusic
New England Institute Technology,admissions@neit.edu,neit
New Hampshire Institute Art,admissions@nhia.edu,nhia
New Hope Christian College,admissions@newhope.edu,newhope
New Jersey City University,admissions@njcu.edu,njcu
New Jersey Institute Technology,admissions@njit.edu,njit
New Mexico Highlands University,admission@nmhu.edu,nmhu
New Mexico Institute Of Mining And Technology,admission@nmt.edu,nmt
New Mexico State University,admissions@nmsu.edu,nmsu
New School,admission@newschool.edu,newschool
New School Of Architecture And Design,bcharbonneau@newschoolarch.edu,newschoolarch
New York Institute Technology Nyit,admissions@nyit.edu,nyit
New York School Of Interior Design,admissions@nysid.edu,nysid
New York University,admissions@nyu.edu,nyu
Newberry College,admission@newberry.edu,newberry
Newberry College,admissions@newberry.edu,newberry
Newbury College,admissions@newbury.edu,newbury
Newman University,admissions@newmanu.edu,newmanu
Niagara University,admissions@niagara.edu,niagara
Nicholls State University,nicholls@nicholls.edu,nicholls
Nichols College,admissions@nichols.edu,nichols
Norfolk State University,admissions@nsu.edu,nsu
North Carolina Central University,admissions@nccu.edu,nccu
North Carolina State University,undergrad-admissions@ncsu.edu,ncsu
North Carolina State University,uadmit@ncat.edu,ncat
North Carolina Wesleyan College,adm@ncwc.edu,ncwc
North Central College,admissions@noctrl.edu,noctrl
North Central University,admissions@northcentral.edu,northcentral
North Dakota State University,ndsu.admission@ndsu.edu,ndsu
North Greenville University,admissions@ngu.edu,ngu
North Park University,admissions@northpark.edu,northpark
Northeastern Illinois University,admrec@neiu.edu,neiu
Northeastern State University,nsuinfo@nsuok.edu,nsuok
Northern Arizona University,admissions@nau.edu,nau
Northern Illinois University,admissions@niu.edu,niu
Northern Kentucky University,beanorse@nku.edu,nku
Northern Michigan University,admissions@nmu.edu,nmu
Northern State University,admissions@northern.edu,northern
Northern Vermont University,Admissions@NorthernVermont.edu,NorthernVermont
Northern Vermont University Johnson Campus,jscadmissions@jsc.edu,jsc
Northland College,admit@northland.edu,northland
Northwest Christian University,admissions@nwcu.edu,nwcu
Northwest Missouri State University,admissions@nwmissouri.edu,nwmissouri
Northwest Nazarene University,admissions@nnu.edu,nnu
Northwest University,admissions@northwestu.edu,northwestu
Northwestern College,admissions@nwciowa.edu,nwciowa
Northwestern Oklahoma State University,recruit@nwosu.edu,nwosu
Northwestern State University Of Louisiana,applications@nsula.edu,nsula
Northwestern University,ug-admission@northwestern.edu,northwestern
Northwestern University Qatar,admissions@qatar.northwestern.edu,northwestern
Northwood University,admit@northwood.edu,northwood
Northwood University Michigan Campus,miadmit@northwood.edu,northwood
Norwich University,nuadm@norwich.edu,norwich
Notre Dame De Namur University,admiss@ndnu.edu,ndnu
Notre Dame Of Maryland University,admiss@ndm.edu,ndm
Nova Scotia College Of Art And Design,admissions@nscad.ca,nscad
Nova Southeastern University,admissions@nova.edu,nova
Nyack College,admissions@nyack.edu,nyack
Oak Hills Christian College,admissions@oakhills.edu,oakhills
Oakland City University,admission@oak.edu,oak
Oakland University,visit@oakland.edu,oakland
Oakwood University,admission@oakwood.edu,oakwood
Oberlin College Arts And Sciences,college.admissions@oberlin.edu,oberlin
Occidental College,admission@oxy.edu,oxy
Oglethorpe University,admission@oglethorpe.edu,oglethorpe
Ohio Dominican University,admissions@ohiodominican.edu,ohiodominican
Ohio Northern University,admissions-ug@onu.edu,onu
Ohio University,admissions@ohio.edu,ohio
Ohio Valley University,admissions@ovu.edu,ovu
Ohio Wesleyan University,owuadmit@owu.edu,owu
Oklahoma Baptist University,admissions@okbu.edu,okbu
Oklahoma Christian University,admissions@oc.edu,oc
Oklahoma City University,admissions@okcu.edu,okcu
Oklahoma City University,uadmissions@okcu.edu,okcu
Oklahoma Panhandle State University,opsu@opsu.edu,opsu
Oklahoma State University,admissions@okstate.edu,okstate
Oklahoma Wesleyan University,admissions@okwu.edu,okwu
Old Dominion University,admissions@odu.edu,odu
Ole Miss University Mississippi,admissions@olemiss.edu,olemiss
Olivet College,admissions@olivetcollege.edu,olivetcollege
Olivet Nazarene University,admissions@olivet.edu,olivet
Oral Roberts University,admissions@oru.edu,oru
Oregon College Of Art And Craft,admissions@ocac.edu,ocac
Oregon Institute Of Technology,oit@oit.edu,oit
Oregon State University,osuadmit@oregonstate.edu,oregonstate
Otis College Art And Design,admissions@otis.edu,otis
Ottawa University,admiss@ottawa.edu,ottawa
Otterbein University,uotterb@otterbein.edu,otterbein
Ouachita Baptist University,admissions@obu.edu,obu
Our Lady Of The Lake University,admission@ollusa.edu,ollusa
Pace University,appprocessing@pace.edu,pace
Pacific Lutheran University,admission@plu.edu,plu
Pacific Northwest College Of Art,admissions@pnca.edu,pnca
Pacific Oaks College,admissions@pacificoaks.edu,pacificoaks
Pacific Union College,admissions@puc.edu,puc
Pacific University Oregon,admissions@pacificu.edu,pacificu
Paier College Of Art,paier.admission@snet.net,snet
Paine College,admissions@paine.edu,paine
Palm Beach Atlantic University,admit@pba.edu,pba
Park University,parkvilleadmissions@park.edu,park
Parsons The New School For Design,thinkparsons@newschool.edu,newschool
Patrick Henry College,admissions@phc.edu,phc
Paul Quinn College,apply@pqc.edu,pqc
Paul Smiths College,admissions@paulsmiths.edu,paulsmiths
Peirce College,admissions@peirce.edu,peirce
Penn State,admissions@psu.edu,psu
Pennsylvania Academy Fine Arts,admissions@pafa.edu,pafa
Pennsylvania College Of Technology,admissions@pct.edu,pct
Pennsylvania State Erie The Behrend College,behrend.admissions@psu.edu,psu
Pepperdine University,admission-seaver@pepperdine.edu,pepperdine
Peru State College,admissions@peru.edu,peru
Pfeiffer University,admissions@pfeiffer.edu,pfeiffer
Philander Smith College,admissions@philander.edu,philander
Piedmont College,ugrad@piedmont.edu,piedmont
Piedmont International University,admissions@piedmontu.edu,piedmontu
Pine Manor College,admissions@pmc.edu,pmc
Pittsburg State University,psuadmit@pittstate.edu,pittstate
Pitzer College,admission@pitzer.edu,pitzer
Plymouth State University,admissions@plymouth.edu,plymouth
Plymouth State University,plymouthadmit@plymouth.edu,plymouth
Point Loma Nazarene University,admissions@pointloma.edu,pointloma
Point Park University,enroll@pointpark.edu,pointpark
Point University,admissions@point.edu,point
Polk State College,studentservices@polk.edu,polk
Polytechnic University Of Puerto Rico,tcardona@pupr.edu,pupr
Pomona College,admissions@pomona.edu,pomona
Pontifical Catholic University Of Puerto Rico Ponce,admisiones@pucpr.edu,pucpr
Pontifical College Josephinum,admissions@pcj.edu,pcj
Portland State University,admissions@pdx.edu,pdx
Potomac University Of The,admissions@potomac.edu,potomac
Prairie View Am University,admissions@pvamu.edu,pvamu
Pratt Institute,admissions@pratt.edu,pratt
Presbyterian College,admissions@presby.edu,presby
Prescott College,admissions@prescott.edu,prescott
Presentation College,admit@presentation.edu,presentation
Princeton University,uaoffice@princeton.edu,princeton
Principia College,collegeadmissions@principia.edu,principia
Providence College,pcadmiss@providence.edu,providence
Purdue University Fort Wayne,ask@pfw.edu,pfw
Purdue University Northwest,admissions@pnw.edu,pnw
Queens University Canada,admission@queensu.ca,queensu
Queens University Charlotte,admissions@queens.edu,queens
Quest University Canada,admissions@questu.ca,questu
Quincy University,admissions@quincy.edu,quincy
Quinnipiac University,admissions@qu.edu,qu
Radford University,admissions@radford.edu,radford
Ramapo College New Jersey,admissions@ramapo.edu,ramapo
Randolph College,admissions@randolphcollege.edu,randolphcollege
Randolph Macon College,admissions@rmc.edu,rmc
Reed College,admission@reed.edu,reed
Regent University,admissions@regent.edu,regent
Regis College,admission@regiscollege.edu,regiscollege
Regis University,ruadmissions@regis.edu,regis
Reinhardt University,admissions@reinhardt.edu,reinhardt
Rensselaer Polytechnic Institute,admissions@rpi.edu,rpi
Research College Of Nursing,leslie.burry@researchcollege.edu,researchcollege
Resurrection University,admissions@resu.edu,resu
Rhode Island College,admissions@ric.edu,ric
Rhode Island School Design,admissions@risd.edu,risd
Rhodes College,dataservices@rhodes.edu,rhodes
Rhodes College,adminfo@rhodes.edu,rhodes
Rice University,admi@rice.edu,rice
Rider University,admissions@rider.edu,rider
Riga Business School,info@rbs.lv,rbs
Ringling College Art And Design,admissions@ringling.edu,ringling
Ripon College,adminfo@ripon.edu,ripon
Rivier University,admissions@rivier.edu,rivier
Roanoke College,admissions@roanoke.edu,roanoke
Robert Morris University,enroll@robertmorris.edu,robertmorris
Robert Morris University Pa,admissions@rmu.edu,rmu
Roberts Wesleyan College,admissions@roberts.edu,roberts
Rochester College,admissions@rc.edu,rc
Rochester Institute Technology,admissions@rit.edu,rit
Rockford University,admissions@rockford.edu,rockford
Rockhurst University,admissions@rockhurst.edu,rockhurst
Rocky Mountain College,admissions@rocky.edu,rocky
Rocky Mountain College Of Art And Design,admissions@rmcad.edu,rmcad
Roger Williams University,admit@rwu.edu,rwu
Rogers State University,admissions@rsu.edu,rsu
Rollins College,admission@rollins.edu,rollins
Roosevelt University,admission@roosevelt.edu,roosevelt
Rose Hulman Institute Technology,admissions@rose-hulman.edu,rose-hulman
Rosemont College,admissions@rosemont.edu,rosemont
Rowan University,admissions@rowan.edu,rowan
Rush University,rmc_admissions@rush.edu,rush
Rust College,admissions@rustcollege.edu,rustcollege
Rutgers The State University Of New Jersey Camden,admissions@camden.rutgers.edu,rutgers
Rutgers The State University Of New Jersey New Brunswick,admissions@ugadm.rutgers.edu,rutgers
Rutgers The State University Of New Jersey Newark,newark@admissions.rutgers.edu,rutgers
Ryerson University,international@ryerson.ca,ryerson
Sacred Heart Major Seminary,admissions@shms.edu,shms
Sacred Heart University,enroll@sacredheart.edu,sacredheart
Sage Colleges,contact@sage.edu,sage
Saginaw Valley State University,admissions@svsu.edu,svsu
Sagu American Indian College,aicinfo@sagu.edu,sagu
Saint Anselm College,admission@anselm.edu,anselm
Saint Augustines University,admissions@st-aug.edu,st-aug
Saint Francis University,admissions@francis.edu,francis
Saint Josephs College Maine,admissions@sjcme.edu,sjcme
Saint Josephs University,admit@sju.edu,sju
Saint Leo University,admissions@saintleo.edu,saintleo
Saint Louis University,admission@slu.edu,slu
Saint Louis University Madrid Campus Spain,admissions-madrid@slu.edu,slu
Saint Martins University,admissions@stmartin.edu,stmartin
Saint Mary Woods College,admission@smwc.edu,smwc
Saint Marys College,admission@saintmarys.edu,saintmarys
Saint Marys College California,smcadmit@stmarys-ca.edu,stmarys-ca
Saint Marys University Minnesota,admission@smumn.edu,smumn
Saint Michaels College,admission@smcvt.edu,smcvt
Saint Peters University,admissions@saintpeters.edu,saintpeters
Saint Vincent College,admission@stvincent.edu,stvincent
Saint Xavier University,admission@sxu.edu,sxu
Salem College,admissions@salem.edu,salem
Salem State University,admissions@salemstate.edu,salemstate
Salisbury University,admissions@salisbury.edu,salisbury
Salve Regina University,sruadmis@salve.edu,salve
Sam Houston State University,admissions@shsu.edu,shsu
Samford University,admission@samford.edu,samford
San Diego Christian College,admissions@sdcc.edu,sdcc
San Diego State University,admissions@sdsu.edu,sdsu
San Francisco Art Institute,admissions@sfai.edu,sfai
San Francisco Conservatory Of Music,admit@sfcm.edu,sfcm
San Francisco State University,ugadmit@sfsu.edu,sfsu
San Jose State University,admissions@sjsu.edu,sjsu
Santa Clara University,admission@scu.edu,scu
Sarah Lawrence College,slcadmit@sarahlawrence.edu,sarahlawrence
Savannah College Art And Design,admission@scad.edu,scad
Savannah State University,admissions@savannahstate.edu,savannahstate
School Art Institute Chicago,admiss@saic.edu,saic
School Of The Museum Of Fine Arts Boston,smfaadmissions@tufts.edu,tufts
School Of Visual Arts,admissions@sva.edu,sva
Schreiner University,admissions@schreiner.edu,schreiner
Scripps College,admission@scrippscollege.edu,scrippscollege
Seattle Pacific University,admissions@spu.edu,spu
Seattle University,admissions@seattleu.edu,seattleu
Seton Hall University,thehall@shu.edu,shu
Seton Hill University,admit@setonhill.edu,setonhill
Sewanee,admiss@sewanee.edu,sewanee
Shasta Bible College And Graduate School,admissions@shasta.edu,shasta
Shaw University,admissions@shawu.edu,shawu
Shawnee State University,to_ssu@shawnee.edu,shawnee
Shenandoah University,admit@su.edu,su
Shepherd University,admission@shepherd.edu,shepherd
Shippensburg University Of Pennsylvania,admiss@ship.edu,ship
Shorter University,admissions@shorter.edu,shorter
Siena College,admissions@siena.edu,siena
Siena Heights University,admissions@sienaheights.edu,sienaheights
Sierra Nevada College,admissions@sierranevada.edu,sierranevada
Silver Lake College,admslc@sl.edu,sl
Simmons University,ugadm@simmons.edu,simmons
Simon Fraser University,admissionsteam@sfu.ca,sfu
Simpson College,admiss@simpson.edu,simpson
Simpson University,admissions@simpsonu.edu,simpsonu
Skidmore College,admissions@skidmore.edu,skidmore
Slippery Rock University Of Pennsylvania,asktherock@sru.edu,sru
Smith College,admission@smith.edu,smith
Soka University of America,admission@soka.edu,soka
Sonoma State University,student.outreach@sonoma.edu,sonoma
South Carolina State University,admissions@scsu.edu,scsu
South Dakota School Of Mines And Technology,admissions@sdsmt.edu,sdsmt
South Dakota State University,sdsu.admissions@sdstate.edu,sdstate
Southeast Missouri State University,admissions@semo.edu,semo
Southeastern Baptist Theological Seminary,admissions@sebts.edu,sebts
Southeastern Louisiana University,admissions@southeastern.edu,southeastern
Southeastern Oklahoma State University,admissions@se.edu,se
Southeastern University,admission@seu.edu,seu
Southern Adventist University,admissions@southern.edu,southern
Southern Arkansas University,muleriders@saumag.edu,saumag
Southern California Institute of Architecture,admissions@sciarc.edu,sciarc
Southern Connecticut State University,admissions@southernct.edu,southernct
Southern Connecticut State University,leeg1@southernct.edu,southernct
Southern Illinois University Carbondale,admissions@siu.edu,siu
Southern Illinois University Edwardsville,admissions@siue.edu,siue
Southern Methodist University,ugadmission@smu.edu,smu
Southern Nazarene University,admissions@snu.edu,snu
Southern New Hampshire University,admission@snhu.edu,snhu
Southern Oregon University,admissions@sou.edu,sou
Southern University And Am College,admit@subr.edu,subr
Southern University At New Orleans,lgarrett@suno.edu,suno
Southern Utah University,adminfo@suu.edu,suu
Southern Vermont College,admissions@svc.edu,svc
Southern Virginia University,admissions@svu.edu,svu
Southern Wesleyan University,admissions@swu.edu,swu
Southwest Baptist University,admissions@sbuniv.edu,sbuniv
Southwest Minnesota State University,smsu.admissions@smsu.edu,smsu
Southwest University Of Visual Arts,admissions@suva.edu,suva
Southwestern Adventist University,admissions@swau.edu,swau
Southwestern Assemblies Of God University,admissions@sagu.edu,sagu
Southwestern Christian University,admissions@swcu.edu,swcu
Southwestern College,scadmit@sckans.edu,sckans
Southwestern Oklahoma State University,admissions@swosu.edu,swosu
Southwestern University,admission@southwestern.edu,southwestern
Spalding University,admissions@spalding.edu,spalding
Spelman College,admissions@spelman.edu,spelman
Spring Arbor University,admissions@arbor.edu,arbor
Spring Hill College,admit@shc.edu,shc
Springfield College,admissions@springfieldcollege.edu,springfieldcollege
St Ambrose University,admit@sau.edu,sau
St Andrews University,admissions@sa.edu,sa
St Anthony College Of Nursing,admissions@sacn.edu,sacn
St Bonaventure University,admissions@sbu.edu,sbu
St Catherine University,admissions@stkate.edu,stkate
St Cloud State University,scsu4u@stcloudstate.edu,stcloudstate
St Edwards University,seu.admit@stedwards.edu,stedwards
St Francis College,admissions@sfc.edu,sfc
St Francis Medical Center College Of Nursing,conadmissions@osfhealthcare.org,osfhealthcare
St John Fisher College,admissions@sjfc.edu,sjfc
St Johns College,annapolis.admissions@sjc.edu,sjc
St Johns College,santafe.admissions@sjc.edu,sjc
St Johns College Md,admissions@sjc.edu,sjc
St Johns University,admhelp@stjohns.edu,stjohns
St Josephs College Brooklyn,brooklynas@sjcny.edu,sjcny
St Josephs College Brooklyn Campus,bkadmissions@sjcny.edu,sjcny
St Josephs College Long Island Campus,liadmissions@sjcny.edu,sjcny
St Josephs College New York Long Island,longislandas@sjcny.edu,sjcny
St Lawrence University,admissions@stlawu.edu,stlawu
St Louis Christian College,admissions@stlchristian.edu,stlchristian
St Louis College Pharmacy,admissions@stlcop.edu,stlcop
St Marys College,admissions@smcm.edu,smcm
St Marys University Of San Antonio,uadm@stmarytx.edu,stmarytx
St Norbert College,admit@snc.edu,snc
St Olaf College,admissions@stolaf.edu,stolaf
St Petersburg College,information@spcollege.edu,spcollege
St Thomas Aquinas College,admissions@stac.edu,stac
St Thomas University,signup@stu.edu,stu
St Thomas University,international@stu.ca,stu
St Thomas University,admissions@stu.ca,stu
Stanford University,admission@stanford.edu,stanford
Stephen F Austin State University,admissions@sfasu.edu,sfasu
Stephens College,apply@stephens.edu,stephens
Sterling College,admission@sterlingcollege.edu,sterlingcollege
Sterling College,admissions@sterling.edu,sterling
Stetson University,admissions@stetson.edu,stetson
Stevens Institute Technology,admissions@stevens.edu,stevens
Stevenson University,admissions@stevenson.edu,stevenson
Stillman College,admissions@stillman.edu,stillman
Stockton University,admissions@stockton.edu,stockton
Stonehill College,admission@stonehill.edu,stonehill
Suffolk University,admission@suffolk.edu,suffolk
Sul Ross State University,admissions@sulross.edu,sulross
Sungkyunkwan University,undergrad@skku.edu,skku
Suny Alfred State College,admissions@alfredstate.edu,alfredstate
Suny Binghamton University,admit@binghamton.edu,binghamton
Suny Buffalo State College,admissions@buffalostate.edu,buffalostate
Suny Cobleskill,admissions@cobleskill.edu,cobleskill
Suny College Brockport,admit@brockport.edu,brockport
Suny College Environmental Science Forestry,esfinfo@esf.edu,esf
Suny College Geneseo,admissions@geneseo.edu,geneseo
Suny College Old Westbury,enroll@oldwestbury.edu,oldwestbury
Suny College Oneonta,admissions@oneonta.edu,oneonta
Suny College Technology Canton,admissions@canton.edu,canton
Suny Cortland,admissions@cortland.edu,cortland
Suny Delhi,enroll@delhi.edu,delhi
Suny Empire State College,admissions@esc.edu,esc
Suny Farmingdale State College,admissions@farmingdale.edu,farmingdale
Suny Fredonia,admissions@fredonia.edu,fredonia
Suny Maritime College,admissions@sunymaritime.edu,sunymaritime
Suny Morrisville State College,admissions@morrisville.edu,morrisville
Suny New Paltz,admissions@newpaltz.edu,newpaltz
Suny Oswego,admiss@oswego.edu,oswego
Suny Plattsburgh,admissions@plattsburgh.edu,plattsburgh
Suny Polytechnic Institute,admissions@sunyit.edu,sunyit
Suny Potsdam,admissions@potsdam.edu,potsdam
Suny Purchase College,admissions@purchase.edu,purchase
Suny Stony Brook University,enroll@stonybrook.edu,stonybrook
Suny University Albany,ugadmissions@albany.edu,albany
Suny University Buffalo,ub-admissions@buffalo.edu,buffalo
Susquehanna University,suadmiss@susqu.edu,susqu
Swarthmore College,admissions@swarthmore.edu,swarthmore
Sweet Briar College,admissions@sbc.edu,sbc
Syracuse University,orange@syr.edu,syr
Tabor College,admissions@tabor.edu,tabor
Talladega College,admissions@talladega.edu,talladega
Tarleton State University,uadm@tarleton.edu,tarleton
Taylor University,admissions@taylor.edu,taylor
Temple University,tuadm@temple.edu,temple
Temple University Japan Campus,ac@tuj.temple.edu,temple
Tennessee State University,admissions@tnstate.edu,tnstate
Tennessee Technological University,admissions@tntech.edu,tntech
Tennessee Wesleyan University,admissions@tnwesleyan.edu,tnwesleyan
Texas Am International University,adms@tamiu.edu,tamiu
Texas Am University College Station,admissions@tamu.edu,tamu
Texas Am University Commerce,admissions@tamuc.edu,tamuc
Texas Am University Corpus Christi,admiss@tamucc.edu,tamucc
Texas Am University Kingsville,admissions@tamuk.edu,tamuk
Texas Am University Texarkana,admissions@tamut.edu,tamut
Texas Christian University,frogmail@tcu.edu,tcu
Texas College,admissions@texascollege.edu,texascollege
Texas Lutheran University,applicant@tlu.edu,tlu
Texas Lutheran University,admissions@tlu.edu,tlu
Texas Southern University,admissions@tsu.edu,tsu
Texas State University,admissions@txstate.edu,txstate
Texas Tech University,admissions@ttu.edu,ttu
Texas University Of The Rio Grande Valley,admissions@utrgv.edu,utrgv
Texas Wesleyan University,admissions@txwes.edu,txwes
Texas Womans University,admissions@twu.edu,twu
The American College Of Greece,admissions@acg.edu,acg
The American University In Cairo,enrolauc@aucegypt.edu,aucegypt
The Boston Conservatory,conservatoryadmissions@berklee.edu,berklee
The Citadel,admissions@citadel.edu,citadel
The College of Idaho,admissions@collegeofidaho.edu,collegeofidaho
The College Of St Rose,admit@mail.strose.edu,strose
The Kings College,admissions@tkc.edu,tkc
The Masters University And Seminary,admissions@masters.edu,masters
The New School College Of Performing Arts,performingarts@newschool.edu,newschool
The Sage Colleges,admission@sage.edu,sage
The University Of Alabama,admissions@ua.edu,ua
The University Of Alabama Huntsville,uahadmissions@uah.edu,uah
The University Of British Columbia,admissions.inquiry@ubc.ca,ubc
The University Of Montana,admiss@umontana.edu,umontana
The University Of Montana Western,admissions@umwestern.edu,umwestern
The University Of Mount Olive,admissions@umo.edu,umo
The University Of New Mexico,apply@unm.edu,unm
The University Of Texas Of The Permian Basin,admissions@utpb.edu,utpb
The University Of The Arts,admissions@uarts.edu,uarts
The University Of Utah,admissions@utah.edu,utah
Thiel College,admissions@thiel.edu,thiel
Thomas Aquinas College,admissions@thomasaquinas.edu,thomasaquinas
Thomas College,admiss@thomas.edu,thomas
Thomas Edison State University,admissions@tesu.edu,tesu
Thomas More College,admissions@thomasmore.edu,thomasmore
Thomas University,rgagliano@thomasu.edu,thomasu
Tiffin University,admiss@tiffin.edu,tiffin
Toccoa Falls College,admissions@tfc.edu,tfc
Tougaloo College,admissions@tougaloo.edu,tougaloo
Touro College,lasadmit@adminm.touro.edu,touro
Towson University,admissions@towson.edu,towson
Transylvania University,admissions@transy.edu,transy
Trevecca Nazarene University,admissions_und@trevecca.edu,trevecca
Trine University,admit@trine.edu,trine
Trinity Baptist College,admissions@tbc.edu,tbc
Trinity Christian College,admissions@trnty.edu,trnty
Trinity College,admissions.office@trincoll.edu,trincoll
Trinity College Of Florida,admissions@trinitycollege.edu,trinitycollege
Trinity College Of Nursing Health Sciences,lori.perez@trinitycollegeqc.edu,trinitycollegeqc
Trinity International University,admissions@tiu.edu,tiu
Trinity University,admissions@trinity.edu,trinity
Trinity Washington University,admissions@trinitydc.edu,trinitydc
Troy University,admit@troy.edu,troy
Truett Mcconnell University,admissions@truett.edu,truett
Truman State University,admissions@truman.edu,truman
Tufts University,undergraduate.admissions@tufts.edu,tufts
Tulane University,undergrad.admission@tulane.edu,tulane
Tusculum College,admissions@tusculum.edu,tusculum
Tusculum University,admission@tusculum.edu,tusculum
Tuskegee University,admissions@mytu.tuskegee.edu,tuskegee
Union College,admissions@union.edu,union
Union College,enrollme@unionky.edu,unionky
Union College,ucenroll@ucollege.edu,ucollege
Union Institute University,admissions@myunion.edu,myunion
Union University,info@uu.edu,uu
United States Air Force Academy,rr_webmail@usafa.edu,usafa
United States Coast Guard Academy,admissions@uscga.edu,uscga
United States Merchant Marine Academy,admissions@usmma.edu,usmma
United States Military Academy,admissions-info@usma.edu,usma
United States Naval Academy,inquire@usna.edu,usna
Unity College,admissions@unity.edu,unity
Universidad Adventista De Las Antillas,admissions@uaa.edu,uaa
Universidad Carlos Iii De Madrid,prospectivestudents@uc3m.es,uc3m
Universidad Del Este Une,ue_rfuentes@suagm.edu,suagm
Universidad Del Sagrado Corazon,kcastillo@sagrado.edu,sagrado
Universidad Del Turabo,admisiones-ut@suagm.edu,suagm
University Of Advancing Technology,admissions@uat.edu,uat
University Of Akron Main Campus,admissions@uakron.edu,uakron
University Of Alabama Birmingham Uab,chooseuab@uab.edu,uab
University Of Alaska Anchorage,admissions@alaska.edu,alaska
University Of Alaska Fairbanks,admissions@uaf.edu,uaf
University Of Alaska Southeast,admissions@uas.alaska.edu,uas.alaska
University Of Alberta,ian.reade@ualberta.ca,ualberta
University Of Arizona,admissions@arizona.edu,arizona
University Of Arkansas,uofa@uark.edu,uark
University Of Arkansas At Fort Smith,admissions@uafs.edu,uafs
University Of Arkansas At Little Rock,admissions@ualr.edu,ualr
University Of Arkansas At Monticello,admissions@uamont.edu,uamont
University Of Arkansas At Pine Bluff,owasoyop@uapb.edu,uapb
University Of Baltimore,admissions@ubalt.edu,ubalt
University Of Bridgeport,admit@bridgeport.edu,bridgeport
University Of Calgary,future.students@ucalgary.ca,ucalgary
University Of California At Merced,admissions@ucmerced.edu,ucmerced
University Of California Davis,undergraduateadmissions@ucdavis.edu,ucdavis
University Of California Irvine,admissions@uci.edu,uci
University Of California Riverside,admissions@ucr.edu,ucr
University Of California Santa Barbara,admissions@sa.ucsb.edu,ucsb
University Of California Santa Cruz,admissions@ucsc.edu,ucsc
University Of Central Arkansas,admissions@uca.edu,uca
University Of Central Florida,admissions@ucf.edu,ucf
University Of Central Missouri,admit@ucmo.edu,ucmo
University Of Central Oklahoma,onestop@uco.edu,uco
University Of Charleston,admissions@ucwv.edu,ucwv
University Of Chicago,collegeadmissions@uchicago.edu,uchicago
University Of Cincinnati,admissions@uc.edu,uc
University Of Cincinnati Blue Ash College And Clermont College,admissions@ucblueash.edu,ucblueash
University Of Cincinnati Clermont College,clermont.admissions@uc.edu,uc
University Of College Dublin,northamerica@ucd.ie,ucd
University Of Colorado Boulder,admissions@colorado.edu,colorado
University Of Colorado Colorado Springs,go@uccs.edu,uccs
University Of Colorado Denver,admissions@ucdenver.edu,ucdenver
University Of Connecticut,beahusky@uconn.edu,uconn
University Of Dallas,crusasder@udallas.edu,udallas
University Of Dallas,ugadmis@udallas.edu,udallas
University Of Dayton,admission@udayton.edu,udayton
University Of Delaware,admissions@udel.edu,udel
University Of Denver,admission@du.edu,du
University Of Detroit Mercy,admissions@udmercy.edu,udmercy
University Of Dubuque,admssns@dbq.edu,dbq
University Of Evansville,admission@evansville.edu,evansville
University Of Findlay,admissions@findlay.edu,findlay
University Of Florida,webrequests@admissions.ufl.edu,ufl
University Of Georgia,adm-info@uga.edu,uga
University Of Guam,admitme@triton.uog.edu,uog
University Of Guelph,intapps@uoguelph.ca,uoguelph
University Of Hartford,admission@hartford.edu,hartford
University Of Hawaii At Hilo,uhhadm@hawaii.edu,hawaii
University Of Hawaii At Manoa,manoa.admissions@hawaii.edu,hawaii
University Of Hawaii West Oahu,uhwo.admissions@hawaii.edu,hawaii
University Of Holy Cross,admissions@uhcno.edu,uhcno
University Of Hong Kong,admissions@hku.hk,hku
University Of Houston,admissions@uh.edu,uh
University Of Houston Clear Lake,admissions@uhcl.edu,uhcl
University Of Houston Downtown,uhdadmit@uhd.edu,uhd
University Of Houston Victoria,admissions@uhv.edu,uhv
University Of Idaho,admissions@uidaho.edu,uidaho
University Of Idaho,admappl@uidaho.edu,uidaho
University Of Illinois At Chicago,admit@uic.edu,uic
University Of Illinois Chicago,admissions@uic.edu,uic
University Of Illinois Springfield,admissions@uis.edu,uis
University Of Indianapolis,admissions@uindy.edu,uindy
University Of Iowa,admissions@uiowa.edu,uiowa
University Of Jamestown,admissions@uj.edu,uj
University Of Kansas,admissions@ku.edu,ku
University Of Kentucky,admissions@uky.edu,uky
University Of La Verne,admission@laverne.edu,laverne
University Of Lethbridge,admissions@uleth.ca,uleth
University Of Limerick,international@ul.ie,ul
University Of Louisiana At Lafayette,admissions@louisiana.edu,louisiana
University Of Louisiana At Monroe,admissions@ulm.edu,ulm
University Of Louisville,admitme@louisville.edu,louisville
University Of Lynchburg,admissions@lynchburg.edu,lynchburg
University Of Maine,umaineadmissions@maine.edu,maine
University Of Maine At Augusta,umaadm@maine.edu,maine
University Of Maine Augusta,umaadmin@maine.edu,maine
University Of Maine Farmington,umfadmit@maine.edu,maine
University Of Maine Fort Kent,umfkadm@maine.edu,maine
University Of Maine Machias,ummadmissions@maine.edu,maine
University Of Maine Presque Isle,umpi-admissions@maine.edu,maine
University Of Maine Presque Isle,admissions@maine.edu,maine
University Of Mary,enroll@umary.edu,umary
University Of Mary Hardin Baylor,admission@umhb.edu,umhb
University Of Mary Washington,admit@umw.edu,umw
University Of Maryland Baltimore County,admissions@umbc.edu,umbc
University Of Maryland Eastern Shore,umesadmissions@umes.edu,umes
University Of Maryland University College,admissions@umuc.edu,umuc
University Of Massachusetts Boston,enrollment.info@umb.edu,umb
University Of Massachusetts Boston,undergrad.admissions@umb.edu,umb
University Of Massachusetts Dartmouth,admissions@umassd.edu,umassd
University Of Massachusetts Lowell,admissions@uml.edu,uml
University Of Memphis,recruitment@memphis.edu,memphis
University Of Miami,admission@miami.edu,miami
University Of Michigan Dearborn,umd-admissions@umich.edu,umich
University Of Michigan Flint,admissions@umflint.edu,umflint
University Of Michigan Shanghai Jiao Tong University Of Joint Institute,ji-intadm@sjtu.edu.cn,sjtu
University Of Minnesota At Crookston,umcinfo@umn.edu,umn
University Of Minnesota Duluth,umdadmis@d.umn.edu,umn
University Of Minnesota Morris,admissions@morris.umn.edu,umn
University Of Minnesota Rochester,applyumr@r.umn.edu,umn
University Of Minnesota Twin Cities,admissions@umn.edu,umn
University Of Missouri,askmizzou@missouri.edu,missouri
University Of Missouri Columbia,mu4u@missouri.edu,missouri
University Of Missouri Kansas City,admit@umkc.edu,umkc
University Of Missouri St Louis,admissions@umsl.edu,umsl
University Of Mobile,umenrollment@umobile.edu,umobile
University Of Montevallo,admissions@montevallo.edu,montevallo
University Of Mount Union,admission@mountunion.edu,mountunion
University Of Nebraska Kearney,admissionsug@unk.edu,unk
University Of Nebraska Lincoln,admissions@unl.edu,unl
University Of Nebraska Omaha,unoadmissions@unomaha.edu,unomaha
University Of Nevada Las Vegas Unlv,admissions@unlv.edu,unlv
University Of Nevada Reno,asknevada@unr.edu,unr
University Of New England,admissions@une.edu,une
University Of New Hampshire,admissions@unh.edu,unh
University Of New Hampshire,manchester@unh.edu,unh
University Of New Haven,admissions@newhaven.edu,newhaven
University Of New Orleans,admission@uno.edu,uno
University Of North Alabama,admissions@una.edu,una
University Of North Carolina Asheville,admissions@unca.edu,unca
University Of North Carolina At Pembroke,admissions@uncp.edu,uncp
University Of North Carolina Chapel Hill,unchelp@admissions.unc.edu,unc
University Of North Carolina Charlotte,admissions@uncc.edu,uncc
University Of North Carolina Greensboro,admissions@uncg.edu,uncg
University Of North Carolina School Of The Arts,admissions@uncsa.edu,uncsa
University Of North Carolina Wilmington,admissions@uncw.edu,uncw
University Of North Dakota,admissions@und.edu,und
University Of North Florida,admissions@unf.edu,unf
University Of North Georgia,admissions-dah@ung.edu,ung
University Of North Texas,unt.freshman@unt.edu,unt
University Of Northern Colorado,admissions@unco.edu,unco
University Of Northern Iowa,admissions@uni.edu,uni
University Of Northwestern St Paul,admissions@unwsp.edu,unwsp
University Of Notre Dame,admissions@nd.edu,nd
University Of Oklahoma,admissions@ou.edu,ou
University Of Oregon,uoadmit@uoregon.edu,uoregon
University Of Pacific,admission@pacific.edu,pacific
University Of Pennsylvania,info@admissions.upenn.edu,upenn
University Of Pikeville,wewantyou@upike.edu,upike
University Of Pittsburgh,oafa@pitt.edu,pitt
University Of Pittsburgh At Bradford,nazemetz@pitt.edu,pitt
University Of Pittsburgh At Greensburg,upgadmit@pitt.edu,pitt
University Of Pittsburgh At Johnstown,upjadmit@pitt.edu,pitt
University Of Portland,admissions@up.edu,up
University Of Providence,admissions@uprovidence.edu,uprovidence
University Of Puerto Rico Arecibo,admisiones.arecibo@upr.edu,upr
University Of Puerto Rico Bayamon,admisiones.bayamon@upr.edu,upr
University Of Puerto Rico Ponce,emily.matos@upr.edu,upr
University Of Puget Sound,admission@pugetsound.edu,pugetsound
University Of Redlands,admissions@redlands.edu,redlands
University Of Rhode Island,admission@uri.edu,uri
University Of Richmond,admission@richmond.edu,richmond
University Of Rio Grande,admissions@rio.edu,rio
University Of Rochester,admit@admissions.rochester.edu,rochester
University Of Saint Francis Fort Wayne Indiana,admis@sf.edu,sf
University Of Saint Joseph,admissions@usj.edu,usj
University Of San Diego,admissions@sandiego.edu,sandiego
University Of San Francisco,admissions@usfca.edu,usfca
University Of Saskatchewan,admissions@usask.ca,usask
University Of Science And Arts Of Oklahoma,usao-admissions@usao.edu,usao
University Of Sciences,admit@usciences.edu,usciences
University Of Scranton,admissions@scranton.edu,scranton
University Of Sioux Falls,admissions@usiouxfalls.edu,usiouxfalls
University Of South Alabama,admiss@southalabama.edu,southalabama
University Of South Carolina Aiken,admit@usca.edu,usca
University Of South Carolina Beaufort,admissions@uscb.edu,uscb
University Of South Carolina Columbia,admissions-ugrad@sc.edu,sc
University Of South Carolina Upstate,admissions@uscupstate.edu,uscupstate
University Of South Dakota,admissions@usd.edu,usd
University Of South Florida,admissions@usf.edu,usf
University Of South Florida Sarasota Manatee,admissions@sar.usf.edu,usf
University Of Southern Indiana,enroll@usi.edu,usi
University Of Southern Maine,admitusm@maine.edu,maine
University Of Southern Mississippi,admissions@usm.edu,usm
University Of St Francis Il,admissions@stfrancis.edu,stfrancis
University Of St Mary,admiss@stmary.edu,stmary
University Of St Thomas,admissions@stthom.edu,stthom
University Of St Thomas Mn,admissions@stthomas.edu,stthomas
University Of Tampa,admissions@ut.edu,ut
University Of Tennessee At Chattanooga,utcmocs@utc.edu,utc
University Of Tennessee At Martin,admitme@utm.edu,utm
University Of Tennessee Knoxville,admissions@utk.edu,utk
University Of Texas At Arlington,admissions@uta.edu,uta
University Of Texas At Dallas,interest@utdallas.edu,utdallas
University Of Texas At El Paso,futureminer@utep.edu ,utep
University Of Texas At San Antonio,prospects@utsa.edu,utsa
University Of Texas At Tyler,admissions@uttyler.edu,uttyler
University Of The Cumberlands,admiss@ucumberlands.edu,ucumberlands
University Of The District Of Columbia,udcadmissions@udc.edu,udc
University Of The Incarnate Word,admis@uiwtx.edu,uiwtx
University Of The Ozarks,admiss@ozarks.edu,ozarks
University Of The Pacific,admissions@pacific.edu,pacific
University Of The Southwest,admission@usw.edu,usw
University Of The Virgin Islands,admissions@uvi.edu,uvi
University Of Toledo,enroll@utoledo.edu,utoledo
University Of Toronto,admissions.help@utoronto.ca,utoronto
University Of Tulsa,admission@utulsa.edu,utulsa
University Of Vermont,admissions@uvm.edu,uvm
University Of Virginia,undergradadmission@virginia.edu,virginia
University Of Virginias College Wise,admissions@uvawise.edu,uvawise
University Of Washington Bothell,uwbinfo@uw.edu,uw
University Of Washington Tacoma,uwtinfo@uw.edu,uw
University Of West,admission@uwest.edu,uwest
University Of West Alabama,admissions@uwa.edu,uwa
University Of West Florida,admissions@uwf.edu,uwf
University Of West Georgia,admiss@westga.edu,westga
University Of Windsor,admissions@uwindsor.ca,uwindsor
University Of Wisconsin Eau Claire,admissions@uwec.edu,uwec
University Of Wisconsin Green Bay,admissions@uwgb.edu,uwgb
University Of Wisconsin La Crosse,admissions@uwlax.edu,uwlax
University Of Wisconsin Milwaukee,uwmlook@uwm.edu,uwm
University Of Wisconsin Oshkosh,admissions@uwosh.edu,uwosh
University Of Wisconsin Parkside,admissions@uwp.edu,uwp
University Of Wisconsin Platteville,admit@uwplatt.edu,uwplatt
University Of Wisconsin River Falls,admissions@uwrf.edu,uwrf
University Of Wisconsin Stevens Point,admiss@uwsp.edu,uwsp
University Of Wisconsin Stout,admissions@uwstout.edu,uwstout
University Of Wisconsin Superior,admissions@uwsuper.edu,uwsuper
University Of Wisconsin Whitewater,uwwadmit@uww.edu,uww
University Of Wyoming,admissions@uwyo.edu,uwyo
Upper Iowa University,ADMISSION@uiu.edu,uiu
Urbana University ,admissions@urbana.edu,urbana
Ursinus College,admission@ursinus.edu,ursinus
Ursuline College,admission@ursuline.edu,ursuline
Utah State University,admit@usu.edu,usu
Utah Valley University,admissions@uvu.edu,uvu
Utica College,admiss@utica.edu,utica
Valdosta State University,admissions@valdosta.edu,valdosta
Valley City State University,enrollment.services@vcsu.edu,vcsu
Valparaiso University,undergrad.admission@valpo.edu,valpo
Vanderbilt University,admissions@vanderbilt.edu,vanderbilt
Vandercook College Of Music,admissions@vandercook.edu,vandercook
Vanguard University Of Southern California,admissions@vanguard.edu,vanguard
Vassar College,admissions@vassar.edu,vassar
Vaughn College Of Aeronautics And Technology,admitme@vaughn.edu,vaughn
Vermont Technical College,admissions@vtc.edu,vtc
Villanova University,gotovu@villanova.edu,villanova
Virginia Commonwealth University,ugrad@vcu.edu,vcu
Virginia Military Institute,admissions@vmi.edu,vmi
Virginia Polytechnic Institute And State University,admissions@vt.edu,vt
Virginia State University,admiss@vsu.edu,vsu
Virginia Union University,admissions@vuu.edu,vuu
Virginia University Of Lynchburg,admissions@vul.edu,vul
Virginia Wesleyan University,admissions@vwu.edu,vwu
Viterbo University,admission@viterbo.edu,viterbo
Voorhees College,admissions@voorhees.edu,voorhees
Wabash College,admissions@wabash.edu,wabash
Wagner College,admissions@wagner.edu,wagner
Wake Forest University,admissions@wfu.edu,wfu
Waldorf University,admissions@waldorf.edu,waldorf
Walla Walla University,admiss1@wallawalla.edu,wallawalla
Walsh University,admissions@walsh.edu,walsh
Warner Pacific University,admission@warnerpacific.edu,warnerpacific
Warner Pacific University,admissions@warnerpacific.edu,warnerpacific
Warner University,admissions@warner.edu,warner
Warren Wilson College,admit@warren-wilson.edu,warren-wilson
Wartburg College,admissions@wartburg.edu,wartburg
Washburn University,admissions@washburn.edu,washburn
Washington Adventist University,enroll@wau.edu,wau
Washington And Lee University,admissions@wlu.edu,wlu
Washington College,wc_inquiries@washcoll.edu,washcoll
Washington College,wc_admissions@washcoll.edu,washcoll
Washington Jefferson College,admission@washjeff.edu,washjeff
Washington State University,admissions@wsu.edu,wsu
Washington University of St Louis,admissions@wustl.edu,wustl
Watkins College Art Design Film,admissions@watkins.edu,watkins
Wayland Baptist University,admityou@wbu.edu,wbu
Wayne State College,admit1@wsc.edu,wsc
Wayne State University,admissions@wayne.edu,wayne
Waynesburg University,admissions@waynesburg.edu,waynesburg
Webb Institute,admissions@webb.edu,webb
Webber International University,admissions@webber.edu,webber
Weber State University,admissions@weber.edu,weber
Webster University,admit@webster.edu,webster
Welch College,recruit@welch.edu,welch
Wellesley College,admissions@wellesley.edu,wellesley
Wells College,admissions@wells.edu,wells
Wentworth Institute Technology,admissions@wit.edu,wit
Wesley College,admissions@wesley.edu,wesley
Wesleyan College,admissions@wesleyancollege.edu,wesleyancollege
Wesleyan University,admission@wesleyan.edu,wesleyan
West Chester University,ugadmiss@wcupa.edu,wcupa
West Liberty University,admissions@westliberty.edu,westliberty
West Texas Am University,admissions@wtamu.edu,wtamu
West Virginia State University,admissions@wvstateu.edu,wvstateu
West Virginia University,wvuadmissions@mail.wvu.edu,wvu
West Virginia University,go2wvu@mail.wvu.edu,wvu
West Virginia University Institute Of Technology,tech-admissions@mail.wvu.edu,wvu
West Virginia University Parkersburg,admissions@wvup.edu,wvup
West Virginia Wesleyan College,admissions@wvwc.edu,wvwc
Western Carolina University,admiss@wcu.edu,wcu
Western Connecticut State University,admissions@wcsu.edu,wcsu
Western Illinois University,admissions@wiu.edu,wiu
Western Kentucky University,admission@wku.edu,wku
Western Michigan University,admissions-info@wmich.edu,wmich
Western Michigan University,ask-wmu@wmich.edu,wmich
Western New England University,cwystepe@wne.edu,wne
Western New Mexico University,admissions@wnmu.edu,wnmu
Western Oregon University,worlfgram@wou.edu,wou
Western State Colorado University,admissions@western.edu,western
Western State Colorado University,discover@western.edu,western
Western University,reg-admissions@uwo.ca,uwo
Western Washington University,admit@wwu.edu,wwu
Westfield State University,admissions@westfield.ma.edu,ma
Westminster College,admis@westminster.edu,westminster
Westminster College Missouri,admissions@westminster-mo.edu,westminster-mo
Westminster College Utah,admission@westminstercollege.edu,westminstercollege
Westmont College,admissions@westmont.edu,westmont
Wheaton College Il,admissions@wheaton.edu,wheaton
Wheaton College Massachusetts,admission@wheatoncollege.edu,wheatoncollege
Wheeling Jesuit University,admiss@wju.edu,wju
Whitman College,admission@whitman.edu,whitman
Whittier College,admission@whittier.edu,whittier
Whitworth University,admissions@whitworth.edu,whitworth
Wichita State University,admissions@wichita.edu,wichita
Widener University,admissions.office@widener.edu,widener
Wilberforce University,admission@wilberforce.edu,wilberforce
Wilkes Honors College,hcadmissions@fau.edu,fau
Wilkes University,admissions@wilkes.edu,wilkes
Willamette University,bearcat@willamette.edu,willamette
William Carey University,admissions@wmcarey.edu,wmcarey
William Jessup University,admissions@jessup.edu,jessup
William Jewell College,admission@william.jewell.edu,jewell
William Paterson University Nj,admissions@wpunj.edu,wpunj
William Peace University,admissions@peace.edu,peace
William Penn University,admissions@wmpenn.edu,wmpenn
William Woods University,admissions@williamwoods.edu,williamwoods
Williams Baptist College,admissions@wbcoll.edu,wbcoll
Williams College,admission@williams.edu,williams
Wilmington College,admissions@wilmington.edu,wilmington
Wilmington University,infocenter@wilmu.edu,wilmu
Wilson College,admissions@wilson.edu,wilson
Wingate University,admit@wingate.edu,wingate
Winona State University,admissions@winona.edu,winona
Winston Salem State University,admissions@wssu.edu,wssu
Winthrop University,admissions@winthrop.edu,winthrop
Wisconsin Lutheran College,admissions@wlc.edu,wlc
Wittenberg University,admission@wittenberg.edu,wittenberg
Wofford College,admission@wofford.edu,wofford
Woodbury University,info@woodbury.edu,woodbury
Worcester Polytechnic Institute,admissions@wpi.edu,wpi
Worcester State University,admissions@worcester.edu,worcester
Wright State University,admissions@wright.edu,wright
Wright State University Lake Campus,discoverlakecampus@wright.edu,wright
Wyoming Catholic College,admissions@wyomingcatholiccollege.com,wyomingcatholiccollege
Xavier University,xuadmit@xavier.edu,xavier
Xavier University,admissions@xula.edu,xula
Xavier University Of Louisiana,apply@xula.edu,xula
Yale Nus College,admissions@yale-nus.edu.sg,yale-nus
Yale University,student.questions@yale.edu,yale
Yeshiva University,yuadmit@yu.edu,yu
York College,admissions@ycp.edu,ycp
York College,enroll@york.edu,york
York University,intlenq@yorku.ca,yorku
Young Harris College,admissions@yhc.edu,yhc
Youngstown State University,enroll@ysu.edu,ysu
